link,title,variation
https://shopee.vn/Sáp-vụn-wax-lông-FREESHIP-1kg-sáp-vụn-wax-lông-giá-rẻ-cao-cấp-loại-1-mix-màu-giúp-triệt-lông-bikini-nách-râu-i.119096090.23353727199?publish_id=&sp_atk=8ed2e9d7-0a6a-4d3b-9b54-78b612e79690&xptdk=8ed2e9d7-0a6a-4d3b-9b54-78b612e79690,"Yêu thích+Sáp vụn wax lông [ FREESHIP ] 1kg sáp vụn wax lông giá rẻ cao cấp loại 1 mix màu giúp triệt lông bikini , nách , râu",300g|||Tặngquegỗ
https://shopee.vn/Sáp-Wax-Lông-Nóng-Sáp-Premier-Siêu-Bám-Lông-sáp-hard-wax-bean-100gr-sữa-dừa-và-sáp-trong-giúp-làm-sạch-các-vùng-lông-i.409541225.14767501026?publish_id=&sp_atk=01406f00-a8eb-45d1-b5e4-435d6daa0feb&xptdk=01406f00-a8eb-45d1-b5e4-435d6daa0feb,"Yêu thích+Sáp Wax Lông Nóng, Sáp Premier Siêu Bám Lông , sáp hard wax bean 100gr sữa dừa và sáp trong giúp làm sạch các vùng lông",Sáp dừa|||50g
https://shopee.vn/Sáp-wax-lông-nóng-coconut-dừa-hard-wax-beans-tặng-que-gỗ-giúp-triệt-lông-tay-chân-nách-bikini-i.119096090.22945521064?publish_id=&sp_atk=da93ace7-9e0b-4172-8e63-b07d823f41cb&xptdk=da93ace7-9e0b-4172-8e63-b07d823f41cb,"Yêu thích+Sáp wax lông nóng coconut dừa hard wax beans tặng que gỗ giúp triệt lông tay ,chân ,nách ,bikini",100g màu|||Tặng que gỗ +cột tóc
https://shopee.vn/SÁP-WAX-LÔNG-HARD-WAX-BEANS-GÓI-500G-LOẠI-SÁP-CAO-CẤP-THƠM-tặng-que-gỗ-i.232002488.21045078120?publish_id=&sp_atk=2112fa1d-624e-4ce8-9f50-6127878c1869&xptdk=2112fa1d-624e-4ce8-9f50-6127878c1869,Yêu thích+SÁP WAX LÔNG HARD WAX BEANS GÓI 500G LOẠI SÁP CAO CẤP THƠM tặng que gỗ,BÁT + MỠ 10ML
https://shopee.vn/-Tặng-kèm-que-gỗ-Sáp-wax-lông-cao-cấp-nấu-nhanh-tan-dạng-vụn-nhuyễn-siêu-bám-lông-i.202782587.21645318596?publish_id=&sp_atk=ccfbce22-4f12-494b-8a3a-ce15e9a9e9fa&xptdk=ccfbce22-4f12-494b-8a3a-ce15e9a9e9fa,"Yêu thích+[ Tặng kèm que gỗ ] Sáp wax lông cao cấp nấu nhanh tan dạng vụn, nhuyễn siêu bám lông",100G SÁP VỤN DỪA
https://shopee.vn/Sáp-Wax-Lông-An-Lành-100-Thiên-Nhiên-(-Tặng-50-Tờ-Giấy-Và-Que-Wax-).-i.633534113.12562784391?publish_id=&sp_atk=e34773bb-936d-4fde-bd2a-a58f5a24df30&xptdk=e34773bb-936d-4fde-bd2a-a58f5a24df30,Yêu thíchSáp Wax Lông An Lành 100% Thiên Nhiên ( Tặng 50 Tờ Giấy Và Que Wax ).,MỠ KING 10ML
https://shopee.vn/Sáp-Wax-Lông-Nóng-Sữa-Dừa-Premier-Cao-Cấp-GLOW-WAXING-Siêu-Bám-Lông-Chuyên-Wax-Bikini-Nách-Body-Tặng-Que-CHE-TÊN-i.1005462819.23543210566?publish_id=&sp_atk=fe3fe6f1-76d5-495c-aefd-539ad0b60fba&xptdk=fe3fe6f1-76d5-495c-aefd-539ad0b60fba,"Sáp Wax Lông Nóng Sữa Dừa Premier Cao Cấp GLOW WAXING Siêu Bám Lông Chuyên Wax Bikini, Nách, Body Tặng Que CHE TÊN",Túi 300gr Tặng Que
https://shopee.vn/-Sáp-siêu-bám-lông-Coconut-Trong-suốt-100G-Sáp-wax-lông-cao-cấp-Mỡ-trăn-dưỡng-da-30ml-i.242726981.10950113511?publish_id=&sp_atk=ed67c3ee-842c-45df-a3ff-018652b97c0b&xptdk=ed67c3ee-842c-45df-a3ff-018652b97c0b,Yêu thích+[Sáp siêu bám lông Coconut & Trong suốt] 100G Sáp wax lông cao cấp + Mỡ trăn dưỡng da 30ml,MỠ TRĂN 30ml
https://shopee.vn/Sáp-vụn-wax-lông-nóng-loại-1-hard-wax-bean-tặng-kèm-cột-tóc-và-que-gỗ-i.259613497.22431636793?publish_id=&sp_atk=f8bbd10c-429b-4e85-a76c-60eb597a0d5f&xptdk=f8bbd10c-429b-4e85-a76c-60eb597a0d5f,Yêu thíchSáp vụn wax lông nóng loại 1 hard wax bean tặng kèm cột tóc và que gỗ,50g|||Tặng cột tóc
https://shopee.vn/-Sáp-wax-lông-cao-cấp-Sáp-wax-lông-nhập-khẩu-Hard-Wax-Beans-tẩy-lông-triệt-lông-hiệu-quả-tại-nhà-i.202782587.12846226176?publish_id=&sp_atk=4814ee19-308b-442e-910e-070c3c4c074d&xptdk=4814ee19-308b-442e-910e-070c3c4c074d,"Yêu thích+[ Sáp wax lông cao cấp ] Sáp wax lông nhập khẩu Hard Wax Beans tẩy lông , triệt lông hiệu quả tại nhà",100G MIX 2 MÀU
https://shopee.vn/-sale-khuyến-mãi-sáp-wax-lông-vụn-loại-1-bám-lông-tốt-hương-dừa-thơm-nhổ-lông-tơ-waxing-sạch-sẽ-i.504919688.22673738723?publish_id=&sp_atk=e1178450-b462-47eb-81ec-2db2223e9e9b&xptdk=e1178450-b462-47eb-81ec-2db2223e9e9b,Yêu thích[ sale ] [ khuyến mãi ] sáp wax lông vụn loại 1 bám lông tốt hương dừa thơm nhổ lông tơ waxing sạch sẽ,50g túi zip
https://shopee.vn/1Kg-Sáp-wax-lông-nóng-GIÁ-SỈ-MinHy-CAO-CẤP-làm-sạch-wax-lông-nách-tay-chân-triệt-râu-ria-mép-i.465448207.20667455877?publish_id=&sp_atk=baf1ac4e-1412-4627-a6e6-44e694238b71&xptdk=baf1ac4e-1412-4627-a6e6-44e694238b71,"Yêu thích+1Kg Sáp wax lông nóng GIÁ SỈ MinHy CAO CẤP, làm sạch wax lông nách tay chân, triệt râu ria mép",Sáp Trong|||500g Nguyên Bao Vỏ
https://shopee.vn/SÁP-WAX-LÔNG-GÓI-500G-LOẠI-SÁP-THƠM-i.242726981.15382494877?publish_id=&sp_atk=5e26477c-acea-4de4-a4e2-05f53efa9f8d&xptdk=5e26477c-acea-4de4-a4e2-05f53efa9f8d,Yêu thích+SÁP WAX LÔNG GÓI 500G LOẠI SÁP THƠM,NHŨ HỒNG
https://shopee.vn/100g-SÁP-WAX-LÔNG-NÓNG-HẠT-ĐẬU-HARD-WAX-BEAN-i.51095647.19818252532?publish_id=&sp_atk=a3996d69-49aa-4508-9a23-d09556670441&xptdk=a3996d69-49aa-4508-9a23-d09556670441,Yêu thích100g SÁP WAX LÔNG NÓNG HẠT ĐẬU HARD WAX BEAN,Sáp hạt đậu|||Dâu
https://shopee.vn/-Dạng-gói-300g-500g-và-1kg-Sáp-wax-lông-cao-cấp-dòng-ít-nóng-siêu-bám-lông-dành-cho-da-nhạy-cảm-tặng-kèm-que-lấy-sáp-i.202782587.16446420025?publish_id=&sp_atk=4e594b6a-033e-4c24-a3ba-438458ed253d&xptdk=4e594b6a-033e-4c24-a3ba-438458ed253d,"Yêu thích+[ Dạng gói 300g, 500g và 1kg ] Sáp wax lông cao cấp dòng ít nóng siêu bám lông dành cho da nhạy cảm tặng kèm que lấy sáp",500G SÁP DỪA
https://shopee.vn/-MACARON-HƯƠNG-DỪA-100G-Sáp-wax-lông-sữa-dừa-siêu-bám-lông-phiên-bản-màu-xanh-hồng-i.243368491.20232117802?publish_id=&sp_atk=70d78725-0aa5-4390-8805-ebf599b94a3f&xptdk=70d78725-0aa5-4390-8805-ebf599b94a3f,Yêu thích+[MACARON HƯƠNG DỪA] 100G Sáp wax lông sữa dừa siêu bám lông phiên bản màu xanh hồng,SÁP TRONG
https://shopee.vn/Sỉ-1KG-Sáp-wax-lông-nóng-cao-cấp-siêu-bám-lông-(-nguyên-bao-không-chiết)-i.263064367.23349015916?publish_id=&sp_atk=1e2c8786-29da-42c6-9e71-8fb9c2e9c83e&xptdk=1e2c8786-29da-42c6-9e71-8fb9c2e9c83e,Yêu thíchSỉ 1KG Sáp wax lông nóng cao cấp siêu bám lông ( nguyên bao không chiết),SỮA DỪA|||TÚI TRONG SUỐT 500G
https://shopee.vn/-Sáp-siêu-bám-lông-Coconut-Trong-suốt-100G-Sáp-wax-lông-cao-cấp-Mỡ-trăn-dưỡng-da-i.486490687.22654436679?publish_id=&sp_atk=5cc2beb3-a0cf-4001-abf9-b1ee29c790c2&xptdk=5cc2beb3-a0cf-4001-abf9-b1ee29c790c2,Yêu thích+[Sáp siêu bám lông Coconut & Trong suốt] 100G Sáp wax lông cao cấp + Mỡ trăn dưỡng da,2 Que Gỗ
https://shopee.vn/Túi-100G-Sáp-Wax-Lông-Nóng-Tẩy-Lông-Cánh-Tay-Chân-Tóc-HARD-WAX-BEAN-i.20763913.12825165563?publish_id=&sp_atk=841ef507-2cfa-488b-918f-bc1ec9611f94&xptdk=841ef507-2cfa-488b-918f-bc1ec9611f94,Túi 100G Sáp Wax Lông Nóng Tẩy Lông Cánh Tay Chân Tóc HARD WAX BEAN,SÁP DỪA
https://shopee.vn/Sáp-Wax-Lông-1Kg-Siêu-Bám-Lông-Cao-Cấp-Chuyên-Wax-Bikini-Tay-Chân-Nách-Tặng-Que-i.541477691.22460343609?publish_id=&sp_atk=48ffd885-b75c-4e8f-bbf8-3730361fde26&xptdk=48ffd885-b75c-4e8f-bbf8-3730361fde26,"Yêu thíchSáp Wax Lông 1Kg Siêu Bám Lông Cao Cấp, Chuyên Wax Bikini , Tay , Chân ,Nách ,Tặng Que",sáp dừa|||1kg
https://shopee.vn/1-ký-sáp-wax-lông-nóng-siêu-bám-lông-có-hương-thơm-cho-mọi-loại-da-i.11708833.20942707829?publish_id=&sp_atk=86acd050-1450-48a9-9a16-10ba115f539a&xptdk=86acd050-1450-48a9-9a16-10ba115f539a,Yêu thích+1 ký sáp wax lông nóng siêu bám lông có hương thơm cho mọi loại da,Trắng trong|||1 ký
https://shopee.vn/Sáp-wax-lông-nóng-dạng-hạt-hủ-400g-Chính-Hãng-i.4654023.22025501209?publish_id=&sp_atk=8c4873a4-dea6-456b-8576-5c3bc1e82b5e&xptdk=8c4873a4-dea6-456b-8576-5c3bc1e82b5e,Sáp wax lông nóng dạng hạt hủ 400g Chính Hãng,hương cam mỹ
https://shopee.vn/1kg-sáp-wax-lông-nóng-giá-sỉ-nhập-khẩu-hard-wax-bean-giúp-làm-sạch-lông-tay-chân-râu-nách-bikini-i.119096090.18489246424?publish_id=&sp_atk=22e869fb-95c2-46e0-989c-03640a319fd0&xptdk=22e869fb-95c2-46e0-989c-03640a319fd0,"Yêu thích+1kg sáp wax lông nóng giá sỉ nhập khẩu hard wax bean giúp làm sạch lông tay chân, râu,nách,bikini",500g sap dừa|||Tặng que gỗ +cột tóc
https://shopee.vn/Sáp-wax-lông-vụn-nấu-siêu-nhanh-100G-cao-cấp-siêu-bám-lông-Tặng-que-gỗ-i.243368491.22815081798?publish_id=&sp_atk=dae50eeb-dd38-464a-aa17-43267df464a0&xptdk=dae50eeb-dd38-464a-aa17-43267df464a0,Yêu thích+Sáp wax lông vụn nấu siêu nhanh 100G cao cấp siêu bám lông Tặng que gỗ,SÁP TRONG
https://shopee.vn/Bộ-máy-wax-lông-mini-1-thanh-sáp-20-tờ-giấy-wax-lông-siêu-sạch-i.42417822.13807512481?publish_id=&sp_atk=331ce1b3-a4b4-418f-96df-9007f99da69f&xptdk=331ce1b3-a4b4-418f-96df-9007f99da69f,Yêu thích+Bộ máy wax lông mini + 1 thanh sáp + 20 tờ giấy wax lông siêu sạch,100 tờ giấy+ sáp
https://shopee.vn/-CHE-TÊN-100gr-Sáp-Wax-Lông-Hạt-Đậu-HY-WAXING-Dùng-Cho-Mọi-Loại-Da-Nhiều-Vùng-Cơ-Thể-Tặng-Que-5868-i.891444924.23405912813?publish_id=&sp_atk=2a9f6281-0ded-4a83-9136-9bbf5b68da55&xptdk=2a9f6281-0ded-4a83-9136-9bbf5b68da55,"[CHE TÊN] 100gr Sáp Wax Lông Hạt Đậu HY WAXING Dùng Cho Mọi Loại Da, Nhiều Vùng Cơ Thể Tặng Que 5868",Kem-5Que
https://shopee.vn/hạt-sáp-wax-lông-màu-hard-wax-bean-tặng-kèm-que-quét-sáp-giúp-làm-sạch-lông-vùng-tay-chân-bikini-râu-tinastoreq2-i.119096090.14761523280?publish_id=&sp_atk=bc615a2e-78e5-428f-9758-2080233f9aaa&xptdk=bc615a2e-78e5-428f-9758-2080233f9aaa,"Yêu thích+hạt sáp wax lông màu hard wax bean tặng kèm que quét sáp giúp làm sạch lông vùng tay chân , bikini , râu - tinastoreq2",Cam|||50g
https://shopee.vn/100G-Sáp-wax-lông-cao-cấp-Mỡ-trăn-dưỡng-da-tặng-que-gỗ-lấy-sáp-i.243368491.13985710690?publish_id=&sp_atk=3bc53ce9-f499-4fd9-a9e0-40321710d32c&xptdk=3bc53ce9-f499-4fd9-a9e0-40321710d32c,Yêu thích+100G Sáp wax lông cao cấp + Mỡ trăn dưỡng da + tặng que gỗ lấy sáp,100G SÁP MÀU
https://shopee.vn/Sáp-Wax-Lông-Mix-Hoa-Hồng-Sữa-Dừa-Cao-Cấp-Bám-Lông-Chuyên-Wax-Bikini-Body-GLOW-WAXING-Tặng-Que-Phết-Sáp-CHE-TÊN-SP-i.1005462819.18589038169?publish_id=&sp_atk=b6aef8b1-db6e-434c-8559-d1f2d2536a17&xptdk=b6aef8b1-db6e-434c-8559-d1f2d2536a17,"Sáp Wax Lông Mix Hoa Hồng + Sữa Dừa Cao Cấp Bám Lông, Chuyên Wax Bikini, Body GLOW WAXING Tặng Que Phết Sáp CHE TÊN SP",Túi 300Gr Tặng Que
https://shopee.vn/-Tặng-kèm-que-quết-sáp-Sáp-wax-lông-cao-cấp-mới-COCONUT-MACARON-WAX-siêu-bám-lông-i.202782587.20132071665?publish_id=&sp_atk=6f5368d4-05a5-4bc6-8de4-79407938cb68&xptdk=6f5368d4-05a5-4bc6-8de4-79407938cb68,Yêu thích+[ Tặng kèm que quết sáp ] Sáp wax lông cao cấp mới COCONUT MACARON WAX siêu bám lông,10ML MỠ TRĂN
https://shopee.vn/Sáp-Wax-Lông-Ngọc-Trai-Siêu-Bám-Lông-Dùng-Được-Cho-Da-Nhạy-Cảm-GLOW-WAXING-Tặng-Kèm-Que-Gỗ-Phết-Sáp-CHE-TÊN-SẢN-PHẨM-i.1005462819.17994741242?publish_id=&sp_atk=839b2a7d-3134-4a6d-a54e-9bdfa65b7465&xptdk=839b2a7d-3134-4a6d-a54e-9bdfa65b7465,Sáp Wax Lông Ngọc Trai Siêu Bám Lông Dùng Được Cho Da Nhạy Cảm GLOW WAXING Tặng Kèm Que Gỗ Phết Sáp CHE TÊN SẢN PHẨM,Túi 300Gr Tặng Que
https://shopee.vn/Sáp-wax-lông-FREESHIP-sáp-dừa-wax-lông-nóng-giá-sỉ-loại-1-giúp-triệt-lông-tay-chân-nách-râu-bikini-i.119096090.22053725893?publish_id=&sp_atk=e309a71b-57bc-4e33-b8e4-e1886b25dfc6&xptdk=e309a71b-57bc-4e33-b8e4-e1886b25dfc6,"Yêu thích+Sáp wax lông [ FREESHIP ] sáp dừa wax lông nóng giá sỉ loại 1 giúp triệt lông tay chân , nách ,râu ,bikini",100g sáp dừa|||Tặng que gỗ
https://shopee.vn/Bộ-Máy-wax-lông-nóng-Depilatory-1-thanh-sáp-wax-giấy-wax-i.42417822.11446000097?publish_id=&sp_atk=3e649fba-8f9d-4a36-aac7-f49c9a788568&xptdk=3e649fba-8f9d-4a36-aac7-f49c9a788568,Yêu thích+Bộ Máy wax lông nóng Depilatory + 1 thanh sáp wax + giấy wax,Máy Hồng + Sáp Ong|||+ 10 Tờ Giấy
https://shopee.vn/SÁP-WAX-LÔNG-NÓNG-HẠT-ĐẬU-400g-i.239088754.23745148562?publish_id=&sp_atk=e5d1765a-05c8-432f-aa31-1b3737b57cd1&xptdk=e5d1765a-05c8-432f-aa31-1b3737b57cd1,Yêu thích+SÁP WAX LÔNG NÓNG HẠT ĐẬU 400g,Mật Ong|||Hũ 400g
https://shopee.vn/Sáp-wax-lông-hạt-đậu-dễ-sử-dụng-hiệu-quả-400g-tặng-que-wax-i.167861768.21680537979?publish_id=&sp_atk=50a0ee8b-730c-4f41-8d4d-8ab0c2eb010f&xptdk=50a0ee8b-730c-4f41-8d4d-8ab0c2eb010f,Yêu thíchSáp wax lông hạt đậu dễ sử dụng hiệu quả 400g tặng que wax,Gói 100g
https://shopee.vn/Sáp-wax-lông-wax-bean-cao-cấp-SIÊU-BÁM-LÔNG-wax-dẻo-thơm-(-trong-suốt-và-coconut)-đi-sạch-cả-râu-nam-ngắn-cứng-i.78656384.10076952019?publish_id=&sp_atk=e78fcef9-a61d-41ff-ae5c-b49d4558b5da&xptdk=e78fcef9-a61d-41ff-ae5c-b49d4558b5da,"Yêu thíchSáp wax lông wax bean cao cấp SIÊU BÁM LÔNG, wax dẻo, thơm ( trong suốt và coconut) đi sạch cả râu nam ngắn, cứng",Sáp nhũ hồng|||100g tặng 3 que
https://shopee.vn/-CHE-TÊN-Sáp-Wax-Lông-Nóng-Sữa-Dừa-Cao-Cấp-GIGAHOME-Siêu-Bám-Lông-Dùng-Cho-Da-Nhạy-Cảm-Tặng-Que-i.32678188.20037808320?publish_id=&sp_atk=88434ac5-76e3-49b6-9381-1129e08d0a97&xptdk=88434ac5-76e3-49b6-9381-1129e08d0a97,"[CHE TÊN] Sáp Wax Lông Nóng Sữa Dừa Cao Cấp GIGAHOME Siêu Bám Lông, Dùng Cho Da Nhạy Cảm Tặng Que",Hũ 500gr-20 Que
https://shopee.vn/(Tặng-kèm-que-gỗ)-Sáp-Wax-Lông-Nóng-Siêu-Thơm-Siêu-Bám-Lông-Mỡ-Trăn-Dưỡng-Da-Sau-Waxing-i.42417822.12214166664?publish_id=&sp_atk=9bdb8a31-fc0b-4ed3-af63-9a7808145828&xptdk=9bdb8a31-fc0b-4ed3-af63-9a7808145828,"Yêu thích+(Tặng kèm que gỗ) Sáp Wax Lông Nóng,Siêu Thơm,Siêu Bám Lông + Mỡ Trăn Dưỡng Da Sau Waxing",100g Dừa+Chén+Mỡ
https://shopee.vn/Sáp-Wax-Lông-Trà-Xanh-Mix-Sữa-Dừa-Premium-Siêu-Bám-Lông-Chuyên-Dùng-Wax-Nách-Bikini-Body-GLOW-WAXING-CHE-TÊN-SẢN-PHẨM-i.1005462819.22646476559?publish_id=&sp_atk=fcc65931-a052-420e-b48d-b9debc3d4cb1&xptdk=fcc65931-a052-420e-b48d-b9debc3d4cb1,"Sáp Wax Lông Trà Xanh Mix Sữa Dừa Premium Siêu Bám Lông Chuyên Dùng Wax Nách, Bikini, Body GLOW WAXING CHE TÊN SẢN PHẨM",Túi 300Gr Tặng Que
https://shopee.vn/Sáp-wax-lông-cao-cấp-siêu-bám-100gr-Sáp-dừa-sữa-coconut-trong-suốt-starsoft-i.48431454.16259613241?publish_id=&sp_atk=4f51f41e-603f-43bf-a6f6-b3381e54611d&xptdk=4f51f41e-603f-43bf-a6f6-b3381e54611d,Yêu thích+Sáp wax lông cao cấp siêu bám [ 100gr ] Sáp dừa sữa coconut & trong suốt starsoft,SÁP TRONG SUỐT|||50GR
https://shopee.vn/Sáp-Wax-Lông-Nóng-Mix-Lavender-Sữa-Dừa-Chuyên-Wax-Bikini-Nách-Mùi-Thơm-Nhẹ-Nhàng-Tặng-Kèm-Que-GLOWWAXING-CHE-TÊN-SP-i.1005462819.22046487350?publish_id=&sp_atk=d0275959-216d-483a-b884-e8a9655b50a9&xptdk=d0275959-216d-483a-b884-e8a9655b50a9,"Sáp Wax Lông Nóng Mix Lavender + Sữa Dừa Chuyên Wax Bikini, Nách Mùi Thơm Nhẹ Nhàng Tặng Kèm Que GLOWWAXING CHE TÊN SP",Túi 300Gr Tặng Que
https://shopee.vn/Sáp-Wax-Lông-An-Lành-100-Thiên-Nhiên-An-Toàn-Cho-Cơ-Thể-Tặng-Que-Gạt-Và-Giấy-Wax-GIGAHOMEVN-971-i.1102797288.25150344262?publish_id=&sp_atk=649038ec-6ecc-4194-a940-e65bc413e777&xptdk=649038ec-6ecc-4194-a940-e65bc413e777,"Sáp Wax Lông An Lành 100% Thiên Nhiên, An Toàn Cho Cơ Thể Tặng Que Gạt Và Giấy Wax GIGAHOMEVN 971",no_variation
https://shopee.vn/SÁP-WAX-LÔNG-CON-LĂN-NOWAX-lựa-chọn-tốt-nhất-cho-waxing-chân-tay-lưng-bụng-ngực-i.78656384.15499369134?publish_id=&sp_atk=14169bbe-79e6-4e82-bc82-1d11c27cdd03&xptdk=14169bbe-79e6-4e82-bc82-1d11c27cdd03,Yêu thíchSÁP WAX LÔNG CON LĂN NOWAX - lựa chọn tốt nhất cho waxing chân tay lưng bụng ngực,Combo 1
https://shopee.vn/100G-Sáp-wax-lông-cao-cấp-thơm-siêu-bám-lông-dùng-cho-tất-cả-vùng-lông-cơ-thể-tặng-kèm-que-wax-i.232002488.6822451382?publish_id=&sp_atk=1530bd66-d9e5-4566-bbe0-0c385a29976c&xptdk=1530bd66-d9e5-4566-bbe0-0c385a29976c,Yêu thích+100G Sáp wax lông cao cấp thơm siêu bám lông dùng cho tất cả vùng lông cơ thể tặng kèm que wax,100G NHŨ TRONG
https://shopee.vn/-Sáp-siêu-bám-lông-Coconut-Trong-suốt-Sáp-wax-lông-nóng-hạt-đậu-dóng-cao-cấp-cho-mọi-loại-da-i.243368491.12311035550?publish_id=&sp_atk=a2f2c3f4-4f0c-450d-98f0-bdd5c32a6359&xptdk=a2f2c3f4-4f0c-450d-98f0-bdd5c32a6359,Yêu thích+[Sáp siêu bám lông Coconut & Trong suốt] Sáp wax lông nóng hạt đậu dóng cao cấp cho mọi loại da,MỠ TRĂN 10ML
